Name,Symbol,ETH_URL,ETH_Holders,ETH_Market_Cap,ETH_Total_Transfers,ETH_Whale_Top10_Pct,BSC_URL,BSC_Holders,BSC_Market_Cap,BSC_Total_Transfers,BSC_Whale_Top10_Pct
American Airlines Group (Ondo Tokenized),AALon,https://etherscan.io/token/0xbe8eb7b51a08f9d52bb6c8c7eca699f0f89bfc02,38,"$2,109.68","2,301",99.47%,https://bscscan.com/token/0x02d608506ca0048d0d991a11f1e7fb8cad1e44f8,60,$0.00,"3,214",92.78%
Apple (Ondo Tokenized),AAPLon,https://etherscan.io/token/0x14c3abF95Cb9C93a8b82C1CdCB76D72Cb87b2d4c,"1,978","$4,772,663.87","More than 150,368",89.97%,https://bscscan.com/token/0x390a684ef9cade28a7ad0dfa61ab1eb3842618c4,"1,619","$9,004,041.05","238,670",93.74%
AbbVie (Ondo Tokenized),ABBVon,https://etherscan.io/token/0x7c7378143a9c8839e0502e2178f058f46c6ea504,13,"$2,418.98",150,100.0%,https://bscscan.com/token/0x8677abad7b458bf16a0fb2676dfc7d3f55ac202a,31,$0.00,759,99.66%
Airbnb (Ondo Tokenized),ABNBon,https://etherscan.io/token/0xb035c3d5083bdc80074F380aeBc9Fcb68aBa0A28,257,"$1,162,668.76","6,228",99.98%,https://bscscan.com/token/0xef80743f78d98fc2b47a2253b293152ce8b879ba,76,"$1,403.78","2,212",97.94%
Abbott (Ondo Tokenized),ABTon,https://etherscan.io/token/0x3859385363f7BB4Dfe42811cCF3F294FcD41dd1D,219,"$1,182,368.94","5,414",99.8%,https://bscscan.com/token/0x5a20886b575058dd7299785f0ea9b1172942a3e0,109,"$13,590.53","2,341",89.18%
Archer Aviation (Ondo Tokenized),ACHRon,https://etherscan.io/token/0x9cfa08002d606e638fe91941be725e1b970b84a6,20,"$11,878.80",143,99.74%,https://bscscan.com/token/0x91c62325f901ee29da8e521cfe68980332a4ca06,47,$0.00,965,93.2%
Accenture (Ondo Tokenized),ACNon,https://etherscan.io/token/0xAbA9Ae731Aad63335C604E5f6E6A5db2e05f549d,181,"$1,023,123.63","4,769",99.31%,https://bscscan.com/token/0x7af44d51d1fb88c5b74fc71d3cba649bb8099d14,63,"$20,310.55","2,175",97.81%
Adobe (Ondo Tokenized),ADBEon,https://etherscan.io/token/0x7042a8fFc7c7049684BfBc2fcb41b72380755a43,271,"$728,342.14","5,842",98.34%,https://bscscan.com/token/0xcb22db0ecb6fe58b7b47db443dcfdfdfbf729cef,155,"$430,925.71","7,152",93.85%
Analog Devices (Ondo Tokenized),ADIon,https://etherscan.io/token/0x2ddc2391cc89e3e716a938f089ae755174cfdf1f,8,$0.00,29,100.0%,https://bscscan.com/token/0x0e246e05212dbbd78a354c072a92b4e5723b2fa0,39,$0.00,547,92.72%
iShares Core US Aggregate Bond ETF (Ondo Tokenized),AGGon,https://etherscan.io/token/0xfF7CF16aA2fFc463b996DB2f7B7cf0130336899D,47,"$14,320,055.52","1,022",99.99%,https://bscscan.com/token/0x08ce97f3d5cf11e577d091ab048bc5e2eae3fabb,38,"$22,328.97",685,98.83%
Albemarle (Ondo Tokenized),ALBon,https://etherscan.io/token/0x1b468d5535Ed7C19Ce42f0073db7Fdf441028131,20,$0.00,99,100.0%,https://bscscan.com/token/0x0B790ABd6594918DE1022233b7cc79baDB84d92a,24,$0.00,250,99.41%
Applied Materials (Ondo Tokenized),AMATon,https://etherscan.io/token/0x6be935eadc71c49c414b1175985946ee40365c67,34,"$21,808.80",351,98.07%,https://bscscan.com/token/0x5ecc352c4640f1d26bd231dbbd171f40f7d0eec6,89,$0.00,"2,564",93.44%
AMC Entertainment (Ondo Tokenized),AMCon,https://etherscan.io/token/0x592643a667633bca51cb2387c98b6de6ce549a45,17,$248.61,94,100.0%,https://bscscan.com/token/0x1d7b5e06fdbe4fd33f5c64c081e32b5d539751d0,56,$0.00,"1,646",99.21%
AMD (Ondo Tokenized),AMDon,https://etherscan.io/token/0x0C1f3412A44Ff99E40bF14e06e5Ea321aE7B3938,997,"$6,369,790.11","48,120",95.59%,https://bscscan.com/token/0x9f16e46c73b43bdb70861247d537bee4ea18f639,"1,029","$7,520,874.89","71,199",81.3%
Amgen (Ondo Tokenized),AMGNon,https://etherscan.io/token/0x1c5fa55eade69ae98571059332520f73733c2d82,8,"$2,343.22",31,100.0%,https://bscscan.com/token/0xfbdf0366f800cc79d6663da26bc0bf21fb455aa6,31,$0.00,964,99.88%
Amazon (Ondo Tokenized),AMZNon,https://etherscan.io/token/0xbb8774FB97436d23d74C1b882E8E9A69322cFD31,"1,117","$3,955,533.79","124,268",92.59%,https://bscscan.com/token/0x4553cfe1c09f37f38b12dc509f676964e392f8fc,664,"$3,713,459.88","204,863",85.92%
Arista Networks (Ondo Tokenized),ANETon,https://etherscan.io/token/0x20e113e9235df6a2a9bfc6f244c2ccc380c8f546,17,$0.00,138,99.93%,https://bscscan.com/token/0x538e2838f9ebc9b891399df4a8dcc42890d9dc20,104,$0.00,"8,336",93.1%
Applied Digital (Ondo Tokenized),APLDon,https://etherscan.io/token/0x318Dcb4f07C3e6ccEcc12A252100Fb3Bf76Eeb02,13,$0.00,43,100.0%,https://bscscan.com/token/0x18De24acb876C0B8392d9C55583Bb21c0355980b,55,$0.00,947,87.1%
Apollo Global Management (Ondo Tokenized),APOon,https://etherscan.io/token/0x4D21aFfD27183B07335935F81A5C26b6A5A15355,42,"$789,305.37",789,100.01%,https://bscscan.com/token/0x5630b5741a33371d9d935283849a16dc808f7f3a,33,"$2,100.54",413,99.87%
AppLovin (Ondo Tokenized),APPon,https://etherscan.io/token/0xd5C5B2883735Fa9B658Dd52e2FCC8d7c0f1A42Ce,180,"$263,505.79","3,885",99.92%,https://bscscan.com/token/0xedb3124e96c64c177eb709cbc64f9977db40ea74,92,"$112,225.52","4,325",92.73%
Arm Holdings plc (Ondo Tokenized),ARMon,https://etherscan.io/token/0x5Bf1b2A808598C0eF4Af1673a5457d86fE6d7B3d,99,"$1,828,084.39","2,146",99.42%,https://bscscan.com/token/0x527c6436e1eaa4f2065cde4090f798cb5d031dd6,190,"$4,236,863.55","11,475",93.49%
ASML Holding NV (Ondo Tokenized),ASMLon,https://etherscan.io/token/0xE51bA774ebF6392c45Bf1d9E6b334d07992460d3,263,"$2,441,712.10","8,266",98.77%,https://bscscan.com/token/0xb034f6cb52b7f2fd5a7eeeffca6b9adcd6b9a6f6,233,"$920,360.54","9,077",94.29%
AST SpaceMobile (Ondo Tokenized),ASTSon,https://etherscan.io/token/0x0D1fa4E1E3719945899Ef7b02840627Df46aF44A,57,$0.00,592,95.65%,https://bscscan.com/token/0x45Abf29515bc23F8c0Ed2a06584444cE473A75FB,304,$0.00,"6,287",66.19%
Broadcom (Ondo Tokenized),AVGOon,https://etherscan.io/token/0x0d54D4279B9E8c54cD8547c2C75A8Ee81A0BcaE8,167,"$2,505,311.61","3,706",96.89%,https://bscscan.com/token/0x0ed2e3180edf393e6bf8db124bd15ddd54de150a,316,"$1,381,562.69","28,136",79.27%
American Express (Ondo Tokenized),AXPon,https://etherscan.io/token/0x2Bc7Ff0C5dA9F1a4A51F96e77C5b0F7165DC06d2,126,"$849,996.66","2,270",99.99%,https://bscscan.com/token/0xd803f8777187d6dee1ea57854aeb957043fb1675,84,"$36,886.04","2,232",92.87%
Alibaba (Ondo Tokenized),BABAon,https://etherscan.io/token/0x41765F0FCddC276309195166C7A62AE522FA09ef,476,"$1,766,834.12","12,955",90.44%,https://bscscan.com/token/0xd5964f3fcee8d649995ab88f04b8982539c282d2,638,"$1,628,681.41","114,620",73.3%
Bank of America (Ondo Tokenized),BACon,https://etherscan.io/token/0x576e9ca70e3a040c00d8139b0665a2b7b7b64844,14,$0.00,114,99.97%,https://bscscan.com/token/0xd615468088b19fb9d4f03cb3ce9e33876ff3db99,58,$0.00,"8,291",92.61%
Boeing (Ondo Tokenized),BAon,https://etherscan.io/token/0x57270D35A840BC5C094da6FBeCA033FB71eA6Ab0,94,"$1,319,196.85","1,837",99.98%,https://bscscan.com/token/0xf21132a811ad1a878e21af60f64d4e690c9daa42,109,"$138,521.65","1,788",91.65%
BigBear.ai Holdings (Ondo Tokenized),BBAIon,https://etherscan.io/token/0x1b8d3e59b31981385c066ee0916ec964628ff1f9,18,$0.00,209,99.91%,https://bscscan.com/token/0x7ba995f1662a01f3be0dc299ce94bb7e9c7075f5,49,$0.00,"1,268",96.59%
Baidu (Ondo Tokenized),BIDUon,https://etherscan.io/token/0x9d4C6AD12B55E4645b585209F90Cc26614061E91,110,"$1,363,472.85","2,207",99.95%,https://bscscan.com/token/0x467e59ce5d5fe01686d4a80dd1e1dae13549aa6c,171,"$239,478.61","8,072",98.99%
Bilibili (Ondo Tokenized),BILIon,https://etherscan.io/token/0x7e08ce07aca80cefe61ebbfa0cedfe5c7b07edb9,19,$0.00,103,100.0%,https://bscscan.com/token/0x91fc7371d6de682a1e8cfcb4eb7da693312a03a4,210,$0.00,"10,474",90.45%
iShares Flexible Income Active ETF (Ondo Tokenized),BINCon,https://etherscan.io/token/0x88703c1e71f44a2d329c99e8e112f7a4e7dd6312,9,$0.00,36,100.0%,https://bscscan.com/token/0x940f442746d9ae699e63c378d52c4494ea02684f,21,$0.00,314,99.96%
"Blackrock, Inc. (Ondo Tokenized)",BLKon,https://etherscan.io/token/0x7a0F89c1606f71499950AA2590d547c3975B728E,127,"$1,817,917.94","1,994",99.96%,https://bscscan.com/token/0x24f5471183ea549987f245d6ce236b6108869c92,87,"$47,182.48","2,260",96.02%
Bullish (Ondo Tokenized),BLSHon,https://etherscan.io/token/0x334ccd8df4013bac99af8c5c61d3605b315302a0,11,$0.00,43,99.89%,https://bscscan.com/token/0xfbe22d27b6e153244882fd7bdfe7c6109918281b,33,$0.00,404,99.41%
BitMine Immersion Technologies (Ondo Tokenized),BMNRon,https://etherscan.io/token/0x33483a58079b4225b10e57958ca28ad7b9cdbaf7,115,$0.00,"5,416",82.97%,https://bscscan.com/token/0x52ad57a7ea642e99a892afc79e937b383f1b59e9,213,$0.00,"9,006",79.67%
US Brent Oil Fund (Ondo Tokenized),BNOon,https://etherscan.io/token/0x9ddb2524782684942FAD28b44E76552cB7f3F548,25,$0.00,64,99.98%,https://bscscan.com/token/0x5f2d37192576a6804F44722eB828E280D5FB43Dc,32,$0.00,709,99.9%
B2Gold (Ondo Tokenized),BTGon,https://etherscan.io/token/0x8ac6ad49b3344024834f373f3ca491f22ceb952e,19,$0.00,71,99.99%,https://bscscan.com/token/0xe2ac868f2fd097086d83bc939248e5ae08d35da4,52,$0.00,"3,314",94.04%
BitGo Holdings (Ondo Tokenized),BTGOon,https://etherscan.io/token/0x510Dd21055188Eda378714DE3bb5591Ffa0CC468,45,$0.00,297,99.87%,https://bscscan.com/token/0x5fA699c0c1319b8D86489AF77dFDe4Fa97B47DF8,103,$0.00,"2,576",95.64%
Kanzhun (Ondo Tokenized),BZon,https://etherscan.io/token/0x858e985126543b5a066c4e8a5dab0249c1d683f7,8,$0.00,15,100.0%,https://bscscan.com/token/0xc2c7fcddc37f6737ca2481ebda6b81ee279fe20c,158,$0.00,"4,083",99.96%
Capricor Therapeutics (Ondo Tokenized),CAPRon,https://etherscan.io/token/0x70Ec0f5B23404C0cD6f29ce88f4af00A0b0d895D,6,$0.00,9,99.62%,https://bscscan.com/token/0x812Fc2943371C952c6c8Daf99Fe665Eb0e40Cd27,12,$0.00,35,100.0%
Caterpillar (Ondo Tokenized),CATon,https://etherscan.io/token/0xf719b02079e0faa5450392da2d3e11a1e5b0eadb,15,$0.00,392,100.0%,https://bscscan.com/token/0x274b0cb6db9473245a31cdea9b789786f4108e4b,42,$0.00,"1,090",99.59%
Constellation Energy (Ondo Tokenized),CEGon,https://etherscan.io/token/0x060505527c83e8bfeb9b4ff08248b82e688800f1,44,$0.00,492,91.48%,https://bscscan.com/token/0x65d84f0990b7394209d591380c2952c83d778aa3,168,$0.00,"3,429",87.04%
First Trust NASDAQ Cybersecurity ETF (Ondo Tokenized),CIBRon,https://etherscan.io/token/0x42d6E274B8631e5289a8F853E8d1A7bAEff3C8d1,12,$0.00,23,100.0%,https://bscscan.com/token/0xDcd4536508060dab8F43C334B3a6C72c39528DA5,25,$0.00,135,99.29%
Cipher Mining (Ondo Tokenized),CIFRon,https://etherscan.io/token/0x24e5bc45d5b6cef6f38989ac33df587a3fc850cf,15,$0.00,101,99.98%,https://bscscan.com/token/0xdad07d0ca26ed4109bc00893dbee3ed4ce8ce2a4,46,$0.00,"1,479",93.2%
iShares AAA CLO Active ETF (Ondo Tokenized),CLOAon,https://etherscan.io/token/0x8cefd49b703de9c0486d9bf6cb559f0895268ee8,8,$0.00,13,100.31%,https://bscscan.com/token/0x4ef383f521e803863a33fca8f3f861e53ef9ef9b,8,$0.00,116,100.57%
VanEck CLO ETF (Ondo Tokenized),CLOIon,https://etherscan.io/token/0xe8b09e8175aecb35a171fa059647434fe47f114c,6,$0.00,13,100.0%,https://bscscan.com/token/0xd7e3317d54473dab04135fb0676623f237ff5ca9,11,$0.00,109,100.0%
Chipotle (Ondo Tokenized),CMGon,https://etherscan.io/token/0x25018520138bbaB60684AD7983D4432E8B8E926B,68,"$976,374.74","1,262",99.99%,https://bscscan.com/token/0xaed5985afc12aa09d87f55b4b1e6bc3b8f7b0208,36,"$3,675.60",533,99.89%
Capital One (Ondo Tokenized),COFon,https://etherscan.io/token/0x3d07c3161f355cb9e5b524bef8d113c96e0263ab,8,$0.00,47,99.87%,https://bscscan.com/token/0x53a8c5fc5643b437779742f494691e6b7c660a8b,21,$0.00,258,99.82%
Coherent (Ondo Tokenized),COHRon,https://etherscan.io/token/0x2B7727076B9C9B1834a2f95B81f12EEdD30db9f1,32,$0.00,356,99.64%,https://bscscan.com/token/0x0585756aAFB241b0f8A9Df62Db26c566091Bde0b,189,$0.00,"4,926",82.86%
Coinbase (Ondo Tokenized),COINon,https://etherscan.io/token/0xF042cfa86cf1D598a75Bdb55c3507a1F39f9493b,621,"$1,328,454.40","19,592",88.46%,https://bscscan.com/token/0xf8589b526fdd65f7f301c605a6e04f0f1b4b3620,413,"$6,308,959.95","35,114",94.89%
Citigroup (Ondo Tokenized),Con,https://etherscan.io/token/0xc46e7ef70d7cf8c17863a6b0b9be2af6a4c41abe,11,$0.00,46,100.0%,https://bscscan.com/token/0x8ddb97556f6ae98b4d408c56b167139fe1cbe3e8,38,$0.00,646,94.97%
ConocoPhillips (Ondo Tokenized),COPon,https://etherscan.io/token/0x8e6a5338eac4b6fe8d51a7653fad3b9da755eea6,18,$0.00,115,99.99%,https://bscscan.com/token/0x0d586b51a90dc999f9bb6a0506da7f034a1d3a2e,51,$0.00,"1,627",82.02%
Global X Copper Miners ETF (Ondo Tokenized),COPXon,https://etherscan.io/token/0x423a63dfe8d82cd9c6568c92210aa537d8ef6885,287,$0.00,"6,139",86.57%,https://bscscan.com/token/0xec93fe7ff4b09ca3ccafbc4cc9615e62be412780,279,$0.00,"11,728",82.2%
Costco (Ondo Tokenized),COSTon,https://etherscan.io/token/0x0c8276E4FeC072cf7854Be69c70F7773D1610857,109,"$1,253,207.19","2,249",99.91%,https://bscscan.com/token/0x34375f826fd3dd4e15f883d4f4786bb45eb705ac,60,"$31,880.06","1,963",96.99%
Coupang (Ondo Tokenized),CPNGon,https://etherscan.io/token/0xfa9f0bf8baa9a3d5e0a8e5c0aeaf186acabef63d,7,$0.00,42,99.86%,https://bscscan.com/token/0x19904bc04c09e5d29ed216ddd105bdf103a0ba2d,27,$0.00,737,99.5%
Circle Internet Group (Ondo Tokenized),CRCLon,https://etherscan.io/token/0x3632DEa96A953C11dac2f00b4A05a32CD1063fAE,898,"$10,813,282.94","57,544",63.02%,https://bscscan.com/token/0x992879cd8ce0c312d98648875b5a8d6d042cbf34,"2,991","$137,833,659.12","226,014",81.16%
Salesforce (Ondo Tokenized),CRMon,https://etherscan.io/token/0x55720eF5b023Fd043AE5F8D2e526030207978950,61,"$760,423.24","1,130",99.79%,https://bscscan.com/token/0xd04a2bb053277721a8321d7441eed5b42fdf7250,111,"$408,668.01","2,652",93.9%
CrowdStrike (Ondo Tokenized),CRWDon,https://etherscan.io/token/0xcac9aafb2cf51645ae1ab4fb1f35f07d42437f80,17,$0.00,184,99.95%,https://bscscan.com/token/0xe6837794fbc6dd024733a1a31f86061296fa2752,40,$0.00,"1,475",95.49%
CoreWeave (Ondo Tokenized),CRWVon,https://etherscan.io/token/0x66908813cd7676269494B2c6F6DBAB8B4f9E95df,45,$0.00,431,93.98%,https://bscscan.com/token/0x76E39171Cb665a35981e744e2CEB7012F76caEAc,147,$0.00,"4,704",82.14%
Cisco Systems (Ondo Tokenized),CSCOon,https://etherscan.io/token/0x980a1001ee94e54142b231f44C7CA7c9DF71FBe1,92,"$3,015,950.04","1,679",99.99%,https://bscscan.com/token/0x34304f2f7cc487eb4186e6d69f5905a613474aa2,89,"$38,246.83","2,195",88.97%
Carvana (Ondo Tokenized),CVNAon,https://etherscan.io/token/0xfe4ec50e0413148021d2f50d114cc44de6ffbf23,15,$0.00,294,99.92%,https://bscscan.com/token/0xc145dc2ebdbe8ead1fecdebf46c76eb1fdd0104d,22,$0.00,648,100.0%
Chevron (Ondo Tokenized),CVXon,https://etherscan.io/token/0x8F3E41b378ae010c46d255F36bFC1D303b52dceb,303,"$2,498,486.33","4,735",99.17%,https://bscscan.com/token/0xd3113a0ad20a46f6a662c63fe8e637f7713e59c7,"1,209","$229,036.33","22,835",55.33%
DoorDash (Ondo Tokenized),DASHon,https://etherscan.io/token/0x241958c86c7744d15d5f6314BA1Ea4c81DDA2896,49,"$749,893.24",847,100.01%,https://bscscan.com/token/0x7567c2a46bce46373b454682f3d95e6535bde144,37,"$5,124.67",691,99.14%
Invesco DB Commodity Index Tracking Fund (Ondo Tokenized),DBCon,https://etherscan.io/token/0x20224080ad516769723c9a4a18325fc4e8c9ab5d,13,$0.00,63,100.09%,https://bscscan.com/token/0xfc2067e3e6a289c205151d96ef67a032f339566d,24,$0.00,376,100.0%
Deere (Ondo Tokenized),DEon,https://etherscan.io/token/0x32d7c413fd3477e86b8ec6b0bb8f3ac510eafaae,6,$0.00,16,100.0%,https://bscscan.com/token/0x90ccbb75d61cb65cd73a3abb5df04a75961612b7,19,$0.00,279,99.88%
WisdomTree US Quality Dividend Growth Fund (Ondo Tokenized),DGRWon,https://etherscan.io/token/0x81eb954936a7062d1758fc0e6e3b88d42d9c361c,8,$0.00,22,100.0%,https://bscscan.com/token/0x1cd89241b26fcdc421fd02907d6504c8abbfe1bc,22,$0.00,220,99.32%
Disney (Ondo Tokenized),DISon,https://etherscan.io/token/0xc3D93B45249E8E06cfeB01d25A96337E8893265d,87,"$903,076.79","12,311",99.99%,https://bscscan.com/token/0xeee9eee593cb8f7946260b4066cba7907f40acfa,71,"$9,262.71","1,759",93.91%
Denison Mines (Ondo Tokenized),DNNon,https://etherscan.io/token/0x7aa59a63d1d0c435a08bc96e11bef2e95ab66c40,21,$0.00,195,99.74%,https://bscscan.com/token/0x70bd780076e25d087ed9c35f4e4a540522abe8cf,52,$0.00,"1,356",83.83%
iShares MSCI Chile ETF (Ondo Tokenized),ECHon,https://etherscan.io/token/0x74C8f41f57948Bfd8aa0D48C882d69d12d1Cc579,4,$0.00,6,100.0%,https://bscscan.com/token/0x551f8Db0da800C910E12Cf991eac306714481685,13,$0.00,54,99.98%
iShares MSCI Emerging Markets ETF (Ondo Tokenized),EEMon,https://etherscan.io/token/0x77A1a02e4a888ADA8620b93C30dE8a41E621126c,60,"$7,156,911.76",793,99.74%,https://bscscan.com/token/0x00c81d35eddf44c75d4db9e07bdcdc236eb0ebcf,93,"$168,823.57","5,467",94.65%
iShares MSCI EAFE ETF (Ondo Tokenized),EFAon,https://etherscan.io/token/0x4111b60bc87F2Bd1e81E783E271D7F0ec6EE088B,36,"$11,015,167.18",658,100.0%,https://bscscan.com/token/0x38b9a53bfdc5dba58a29bd6992341927c2fca637,41,"$8,922.06",650,97.83%
Enlivex Therapeutics (Ondo Tokenized),ENLVon,https://etherscan.io/token/0xc4e6E80295154D3968519851F73f8Dc1a227286F,6,$0.00,7,99.99%,https://bscscan.com/token/0x5A9D924FC336A5EC8cf3B1909aA660533B50b015,52,$0.00,671,81.6%
Enphase Energy (Ondo Tokenized),ENPHon,https://etherscan.io/token/0x4F3B49aC895a29c0908c57538932967Cdc8e3c80,17,$0.00,49,100.0%,https://bscscan.com/token/0x30938154E2697694F41592C2e48459287dEBe4BF,38,$0.00,604,99.39%
Equinix (Ondo Tokenized),EQIXon,https://etherscan.io/token/0x73d2ccEE12C120E7DA265a2dE9d9f952a0101b4f,41,"$1,737,471.96",764,99.99%,https://bscscan.com/token/0xe4e12c9cec3e8cae405202a97f66afa695075fa0,32,"$5,345.27",407,98.58%
iShares Ethereum Trust (Ondo Tokenized),ETHAon,https://etherscan.io/token/0x98284FbC11eDD7540E29b896a49817Bbe52DdCBd,11,$0.00,29,100.24%,https://bscscan.com/token/0x04B16ff1F9673146F68AA5d5F57aA45AdcF068E1,35,$0.00,227,99.93%
Eaton (Ondo Tokenized),ETNon,https://etherscan.io/token/0x9b56f5ED5A94Ae3266b7FF21953e6626F94008F1,15,$0.00,35,99.98%,https://bscscan.com/token/0x4697b2A050f7B5A8e1ebc27c325f9D78D094f041,44,$0.00,445,99.36%
iShares MSCI Japan ETF (Ondo Tokenized),EWJon,https://etherscan.io/token/0x625Fb557cAD6D4638dae420626F3F08A485b43a8,14,$0.00,32,100.01%,https://bscscan.com/token/0x82715299f3f132FB85f3De1F7e8fAfd3d79f3eB5,26,$0.00,244,95.94%
iShares MSCI South Korea ETF (Ondo Tokenized),EWYon,https://etherscan.io/token/0xbd660e96D45e7C175512d1ed0cCc119Cb980b81a,38,$0.00,263,99.33%,https://bscscan.com/token/0x12B7aDC48416A103F63E7e6210f62C81dfB91fD0,177,$0.00,"4,153",93.94%
iShares MSCI Brazil ETF (Ondo Tokenized),EWZon,https://etherscan.io/token/0x54021fDe36B7c4C4F9C35b02fb9A153eD8F5938A,12,$0.00,44,100.0%,https://bscscan.com/token/0x9876F4b879cDe9Aa49Ffd260034A0698B7B33A49,27,$0.00,198,98.43%
Exodus Movement (Ondo Tokenized),EXODon,https://etherscan.io/token/0x185E5FA1B84F94D46ef2A33052aD39bD5f326fd8,4,$0.00,8,100.0%,https://bscscan.com/token/0x92d504158A8Dc69de989dB5EDe3230D958fb8630,19,$0.00,192,99.97%
Freeport-McMoRan (Ondo Tokenized),FCXon,https://etherscan.io/token/0xeb08d539Be0f6a6C90eA24276196E348f5688A02,21,$0.00,111,99.99%,https://bscscan.com/token/0xE3b17E6D290A0F28bd32aF4064637057627004D5,28,$0.00,394,99.54%
Franklin Focused Growth ETF (Ondo Tokenized),FFOGon,https://etherscan.io/token/0x70B4082F4e3F9067dB9A2aA7520C77719E8626EE,9,$0.00,29,100.01%,https://bscscan.com/token/0xEA130432a9feE9ca1A7eDa84028650d38Bd0E232,8,$0.00,37,100.0%
Franklin Responsibly Sourced Gold ETF (Ondo Tokenized),FGDLon,https://etherscan.io/token/0x1cB673005fc58447D881486919c14D8e7C741Bb1,6,$0.00,9,100.0%,https://bscscan.com/token/0xee0d57462f20434030B8262204c00c0eA0399C41,3,$0.00,12,100.0%
Figma (Ondo Tokenized),FIGon,https://etherscan.io/token/0x073E7a0669833d356fa88ca65CC6D454EFaAa3c5,114,"$245,996.69","2,603",98.98%,https://bscscan.com/token/0x93fac02b22b6743423381d163aec418178019b7a,88,"$53,466.22","3,775",84.64%
Figure Technology Solutions (Ondo Tokenized),FIGRon,https://etherscan.io/token/0xc2dbfe026f17e7bbc17a9e41f9b8d69531887d47,14,$0.00,62,100.0%,https://bscscan.com/token/0x620477782cea4c4171165396f8014edef83a13da,40,$0.00,"10,615",94.92%
Franklin High Yield Corporate ETF (Ondo Tokenized),FLHYon,https://etherscan.io/token/0x54C1Ff361b402f66c13107421E6A431C3375EF24,8,$0.00,13,100.0%,https://bscscan.com/token/0x240Eb4859B4537D250cf784cc758c404dA5Fe4bd,3,$0.00,9,100.0%
Franklin US Large Cap Multifactor Index ETF (Ondo Tokenized),FLQLon,https://etherscan.io/token/0xC53D2e7321aB83B28aF2360559Aa303676a23f98,6,$0.00,16,100.0%,https://bscscan.com/token/0x48187890D16aEE64798E02C5BeD510f4dB5694A9,5,$0.00,25,99.56%
Ford Motor (Ondo Tokenized),Fon,https://etherscan.io/token/0xf72936fa8afc808c99eb76e620a98ddc6a7a53d1,32,$0.00,160,97.96%,https://bscscan.com/token/0xb1aba049c42b6fe811766eba61f51f11c57acc4b,50,$0.00,"1,018",99.36%
Fidelity Solana Fund (Ondo Tokenized),FSOLon,https://etherscan.io/token/0x224B381CFAe8CCAf2e4d32D827467C2331Ce04bE,4,$0.00,8,100.0%,https://bscscan.com/token/0x54B92Fd77229269Ff6484942C123cCa72f2D6fEC,10,$0.00,40,99.97%
First Trust Global Tactical Commodity Strategy Fund (Ondo Tokenized),FTGCon,https://etherscan.io/token/0xacf3fecaa787f268351a86409c3bd3b96ef924fb,9,$0.00,37,100.0%,https://bscscan.com/token/0xe96f94e10f1265dcc15f83d251f1f6758d2cd67d,29,$0.00,292,99.92%
Futu Holdings (Ondo Tokenized),FUTUon,https://etherscan.io/token/0x5Ce215d9c37a195DF88e294a06B8396C296B4e15,60,"$797,141.07","1,435",99.98%,https://bscscan.com/token/0x5acf40056ed51c8bbcd1b125ef803581ac89a627,"1,069","$1,265,906.63","36,155",82.12%
iShares China Large-Cap ETF (Ondo Tokenized),FXIon,https://etherscan.io/token/0x2dD57b497c777D9825A5902114BE81dF98eDE958,17,$0.00,92,99.96%,https://bscscan.com/token/0x9b8E987e6fEc8Cf1380C4dcA7071e2C7853AEEA1,30,$0.00,152,95.35%
Gemini Space Station (Ondo Tokenized),GEMIon,https://etherscan.io/token/0xb51db25c920c16f2865c37011c3eec91db946b07,21,$0.00,69,100.0%,https://bscscan.com/token/0x817942d5de16092656568e9f67f54ccb462f8989,53,$0.00,"1,221",80.64%
General Electric (Ondo Tokenized),GEon,https://etherscan.io/token/0xD904bCf89B7CedF5c89f9Df7e829191D695F847E,32,"$1,428,163.41",631,100.0%,https://bscscan.com/token/0x5151a22421ed4277f1e4ca4785a07b035d548a36,75,"$67,914.42","1,397",94.33%
GE Vernova (Ondo Tokenized),GEVon,https://etherscan.io/token/0xA043FDc5A6E2E381e3532d5A97404b82fb7A0af8,20,$0.00,105,99.92%,https://bscscan.com/token/0x2Aea1D415D45CCF3EaBE565d45DcaF4ea2035b9c,76,$0.00,"1,245",92.28%
SPDR Gold Shares (Ondo Tokenized),GLDon,https://etherscan.io/token/0x423d42e505e64f99b6e277eb7ed324cc5606f139,74,$0.00,654,99.6%,https://bscscan.com/token/0xfa9a1e901085e269f6d428f79cd5252d8b919344,622,$0.00,"81,761",73.13%
abrdn Physical Precious Metals Basket Shares ETF (Ondo Tokenized),GLTRon,https://etherscan.io/token/0xD0a265a32D0211a7f61F11de014B854F7ce716F8,9,$0.00,25,100.14%,https://bscscan.com/token/0x15580092796f69825CFf4738Cac55D05D41eaa42,23,$0.00,138,100.0%
Galaxy Digital (Ondo Tokenized),GLXYon,https://etherscan.io/token/0xE668e08a6f5792CEF0e63E9D98524968fDB5882f,11,$0.00,22,100.0%,https://bscscan.com/token/0xF98B89825233808CD37706A53D2b4Ae3e359d442,10,$0.00,132,99.94%
GameStop (Ondo Tokenized),GMEon,https://etherscan.io/token/0x71d24Baeb0A033ec5F90FF65C4210545AF378D97,75,"$334,001.49","2,094",99.81%,https://bscscan.com/token/0xdabb9aff4cf02f26d2014e4ca9f94ac6fe6572a3,72,"$104,157.15","3,979",98.72%
Alphabet Class A (Ondo Tokenized),GOOGLon,https://etherscan.io/token/0xbA47214eDd2bb43099611b208f75E4b42FDcfEDc,"1,387","$10,346,302.12","36,081",79.75%,https://bscscan.com/token/0x091fc7778e6932d4009b087b191d1ee3bac5729a,"2,315","$31,225,487.84","264,810",82.87%
Grab Holdings (Ondo Tokenized),GRABon,https://etherscan.io/token/0x1c174711f3fd63c4165d6f296b3eb19d17fde94a,20,$0.00,50,100.0%,https://bscscan.com/token/0xab2f74804c022c5249d52e743af4340e42f5f3b6,52,$0.00,"1,539",98.17%
Grindr (Ondo Tokenized),GRNDon,https://etherscan.io/token/0xe5b26ba77e6a4d79a7c54a5296d81254269d9700,4,$0.00,110,100.0%,https://bscscan.com/token/0x20cce48d767ed68cbba7727c4c504efe5bcb626c,12,$0.00,87,100.02%
Goldman Sachs (Ondo Tokenized),GSon,https://etherscan.io/token/0xdB57d9C14e357Fc01E49035a808779Df41E9B4e2,43,"$1,184,179.42",713,100.0%,https://bscscan.com/token/0x0d4f9b25f81163fb4840ba4f434672543823000c,61,"$74,302.60","1,044",98.81%
Home Depot (Ondo Tokenized),HDon,https://etherscan.io/token/0x7dbd435aa4ecab5471cfcef4527a022fef0b7e1c,9,$0.00,17,100.0%,https://bscscan.com/token/0x31dabf49e4bc1af1456c1819cb6a2562154e92f3,24,$0.00,165,99.98%
Hims & Hers Health (Ondo Tokenized),HIMSon,https://etherscan.io/token/0xCa468554e5C0423Ee858fe3942c9568C51FcAa79,173,"$24,261,196.48","4,913",98.52%,https://bscscan.com/token/0x4693f6f5ef257381a28afd0673e64d8b32d5c6ad,125,"$699,680.43","5,493",85.84%
Robinhood Markets (Ondo Tokenized),HOODon,https://etherscan.io/token/0x998f02A9E343EF6E3E6f28700d5A20F839fD74E6,168,"$1,521,581.24","4,812",93.7%,https://bscscan.com/token/0x19601179a60f55ff6636f5d1a8b6671053bd60a8,261,"$2,333,821.41","19,523",89.57%
iBoxx $ High Yield Corporate Bond ETF (Ondo Tokenized),HYGon,https://etherscan.io/token/0xeD3618Bb8778F8eBBe2f241Da532227591771D04,56,"$940,230.56","1,015",99.99%,https://bscscan.com/token/0x0dae81a905b645a3d1e67129b89cd0acda224e9a,45,"$3,483.94","1,028",98.13%
PIMCO 0-5 Year High Yield Corporate Bond Index ETF (Ondo Tokenized),HYSon,https://etherscan.io/token/0xEc169F9Ac2161723a2D4febd9748BB529D6C12B5,6,$0.00,13,100.0%,https://bscscan.com/token/0x75E9D68e99e76714ed1a7663ab48ba3AaBd7A6c5,9,$0.00,33,99.51%
iShares Gold Trust (Ondo Tokenized),IAUon,https://etherscan.io/token/0x4f0CA3df1c2e6b943cf82E649d576ffe7B2fABCF,174,"$10,966,065.56","2,687",99.69%,https://bscscan.com/token/0xcb2a0f46f67dc4c58a316f1c008edef5c2311795,709,"$1,514,737.93","105,228",84.71%
iShares Bitcoin Trust (Ondo Tokenized),IBITon,https://etherscan.io/token/0x122940c4C5F9cCFAe7Fa86455a42D3EC140855cE,15,$0.00,141,100.01%,https://bscscan.com/token/0x68B07cEf227Cea1b2b6683921C8c825cd5C69Ec7,35,$0.00,345,97.42%
IBM (Ondo Tokenized),IBMon,https://etherscan.io/token/0x25d3f236B2d61656eebdeA86Ac6D42168e340011,86,"$2,119,706.43","1,521",99.9%,https://bscscan.com/token/0xe8ff70859ce4cbd72e4352b4fb45f5bf39d07464,258,"$1,016,286.74","5,575",67.72%
iShares Core MSCI EAFE ETF (Ondo Tokenized),IEFAon,https://etherscan.io/token/0xFEFf7a377A86462F5a2A872009722C154707F09e,85,"$16,717,570.19","2,437",99.33%,https://bscscan.com/token/0x918008c3d29496c37b478b611967beaca365af36,62,"$53,214.18","1,017",94.25%
iShares 7-10 Year Treasury Bond ETF (Ondo Tokenized),IEFon,https://etherscan.io/token/0xA2eC76139028F279A1C790d323c57Cc4158098d6,6,$0.00,17,100.0%,https://bscscan.com/token/0xA486a0A05250E8621bA3B26C3bbc517145eba619,15,$0.00,82,99.95%
iShares Core MSCI Emerging Markets ETF (Ondo Tokenized),IEMGon,https://etherscan.io/token/0xcDD60D15125bf3362b6838D2506b0Fa33bc1a515,54,"$10,047,573.26",886,99.66%,https://bscscan.com/token/0x22092c94a91d019ad15536725598b0a6be0a73c0,59,"$17,013.01","1,383",88.54%
iShares Core S&P MidCap ETF (Ondo Tokenized),IJHon,https://etherscan.io/token/0xFd50Fc4E3686a8DA814c5C3D6121d8aB98a537F0,23,"$3,015,960.48",408,100.0%,https://bscscan.com/token/0x167e93a849a0cc479769132552b99aa1cfa0948c,59,"$4,249.90","1,306",93.12%
Franklin Income Equity Focus ETF (Ondo Tokenized),INCEon,https://etherscan.io/token/0xfA690b2B6f6b4dA518035F1d0aa8B968c23341bb,7,$0.00,10,100.0%,https://bscscan.com/token/0x5e24DB6DE4C21E2C8f9E81bAcfCedFBAC2DeE4aa,3,$0.00,14,100.0%
iShares MSCI India ETF (Ondo Tokenized),INDAon,https://etherscan.io/token/0xa6CdB19b22B03e03EA89e133A8a46aDc3017aa6d,6,$0.00,16,100.0%,https://bscscan.com/token/0xdB0748297fbEf0B33dF89e86519A0BD3adAf6459,23,$0.00,92,99.5%
Intel (Ondo Tokenized),INTCon,https://etherscan.io/token/0xFdA09936DbD717368De0835bA441d9E62069d36f,616,"$5,721,988.24","14,248",96.31%,https://bscscan.com/token/0xa528caaa2f96090e379d43f90834c75df54d6e74,"1,243","$11,642,399.87","123,939",80.55%
Intuit (Ondo Tokenized),INTUon,https://etherscan.io/token/0x6cc0afD51CE4Cb6920B775F3D6376Ab82b9A93Bb,32,"$723,418.27",759,100.0%,https://bscscan.com/token/0x6e3e077a6c0e3c27fd6d00b97387d9b7bd451bab,68,"$45,536.09","1,584",91.61%
IonQ (Ondo Tokenized),IONQon,https://etherscan.io/token/0x2F2e4b09B99fbf018F600e031aAfD9Da6347Cc75,48,$0.00,462,98.28%,https://bscscan.com/token/0x40d8E1fbaf69173c47fa493FeB50a84eeC6b57eE,116,$0.00,"2,729",93.29%
Iren (Ondo Tokenized),IRENon,https://etherscan.io/token/0x0b59fdb1a233a7477ea14061004b9dd776e73cb3,81,$0.00,"1,414",88.2%,https://bscscan.com/token/0x8fd70ee385f470c8d6fda2d93a4e49c849bac6a6,224,$0.00,"15,662",82.06%
Intuitive Surgical (Ondo Tokenized),ISRGon,https://etherscan.io/token/0x2691b13fca1e02322685b9554b5ae0f5f3f05c55,15,$0.00,83,100.0%,https://bscscan.com/token/0x784584933c2192caa062e90d8140d94768ce62d8,65,$0.00,901,82.13%
iShares US Aerospace and Defense ETF (Ondo Tokenized),ITAon,https://etherscan.io/token/0x68622855dcf14ced1B0Cc2A69cc34843708e2E0f,15,$0.00,40,100.0%,https://bscscan.com/token/0x88B90f45bd6a4F97f7D85d280eD64A40880e4935,21,$0.00,89,99.96%
iShares Core S&P Total US Stock Market ETF (Ondo Tokenized),ITOTon,https://etherscan.io/token/0x0692481C369E2BDc728A69ae31b848343a4567Be,55,"$12,360,651.89","1,476",99.96%,https://bscscan.com/token/0xcf9caf83053213c44dd7027db3e1e4ac98e55f8f,43,"$2,344.25","1,069",99.47%
iShares Core S&P 500 ETF (Ondo Tokenized),IVVon,https://etherscan.io/token/0x62cA254a363dc3c748e7E955c20447aB5bF06fF7,118,"$67,593,849.90","1,698",91.92%,https://bscscan.com/token/0x1104eb7e85e25eb45f88e638b0c27a06c1a91cb2,418,"$394,043.69","56,135",77.96%
iShares Russell 1000 Growth ETF (Ondo Tokenized),IWFon,https://etherscan.io/token/0x8d05432C2786e3F93f1a9A62b9572DBf54f3ea06,33,"$9,547,026.11",661,100.0%,https://bscscan.com/token/0x40755f06ab7f8de1ab3a9413b1ef562d63de19b1,54,"$2,871.72","1,452",99.47%
iShares Russell 2000 ETF (Ondo Tokenized),IWMon,https://etherscan.io/token/0x070D79021dD7e841123cB0CF554993bF683c511D,60,"$3,363,054.35","15,192",99.91%,https://bscscan.com/token/0x500eafc69b68acd6f27064f9b75f1c7d91cc4d9f,73,"$19,144.79","2,232",94.12%
iShares Russell 2000 Value ETF (Ondo Tokenized),IWNon,https://etherscan.io/token/0x9DCf7f739B8C0270E2FC0Cc8D0DaBe355a150dBa,30,"$5,334,266.42",433,100.0%,https://bscscan.com/token/0xf54b94ea21e1da5d51ef00fd4502225e5394f874,40,$378.00,"1,050",98.86%
Janus Henderson AAA CLO ETF (Ondo Tokenized),JAAAon,https://etherscan.io/token/0x219a1b27baa08d72fac836665a3b752f3c9acbbc,6,$0.00,26,100.36%,https://bscscan.com/token/0x84719a1082ed487c7eeac7d69885e3cc2009ea78,20,$0.00,628,99.99%
JD.com (Ondo Tokenized),JDon,https://etherscan.io/token/0xdeB6B89088cA9B7d7756087c8a0F7C6DF46f319C,98,"$1,144,973.77","1,597",99.62%,https://bscscan.com/token/0xe92be960ae64f6a914ca77014cac9e56de7f36c1,198,"$67,778.67","6,970",78.46%
Johnson & Johnson (Ondo Tokenized),JNJon,https://etherscan.io/token/0xdd0e1e6162666a210905ffe8d368661b313c00e9,14,$0.00,104,100.03%,https://bscscan.com/token/0xd1f799cb9f5d0a02951b0755beced6c43882712f,42,$0.00,"1,201",85.27%
JPMorgan Chase (Ondo Tokenized),JPMon,https://etherscan.io/token/0x03C1EC4CA9DBb168E6Db0DeF827c085999CBffaF,123,"$2,500,768.16","1,587",99.83%,https://bscscan.com/token/0x317bf42b43a394860718266dec445dcc9fd9da49,102,"$79,066.40","17,430",95.44%
KLA (Ondo Tokenized),KLACon,https://etherscan.io/token/0xa637ae510cb50e61236a89ac480b93b8c3bccc46,11,$0.00,85,100.36%,https://bscscan.com/token/0xfc263946439b0d802bf4c5a6fcd34e2885259f91,45,$0.00,"1,049",96.03%
Coca-Cola (Ondo Tokenized),KOon,https://etherscan.io/token/0x74a03d741226f738098C35da8188E57acA50d146,258,"$3,585,958.09","4,283",99.79%,https://bscscan.com/token/0x405f38b90bebf1259062cf29da299f3398662bcb,253,"$91,958.59","23,042",80.22%
KraneShares CSI China Internet ETF (Ondo Tokenized),KWEBon,https://etherscan.io/token/0xeAA2287290544eD9F481012aa348619A4D2F9e51,18,$0.00,49,100.0%,https://bscscan.com/token/0x7437203800140BA7d9081ddE8cEF09EE40E3Bf03,25,$0.00,301,99.73%
Linde plc (Ondo Tokenized),LINon,https://etherscan.io/token/0x01B19c68f8A9eE3a480dA788ba401cFAbdf19B93,26,"$1,635,618.13",642,100.0%,https://bscscan.com/token/0xe1743616f705954620aa351465c8885fbde5a8a9,39,"$7,516.08",648,96.01%
Li Auto (Ondo Tokenized),LIon,https://etherscan.io/token/0xb6e362a39db703f0f7cf582c9fc043a51624e53d,17,$0.00,78,100.0%,https://bscscan.com/token/0x9810beac9af3c30d14cfb61cdd557e160f60fd50,146,$0.00,"3,764",83.8%
Eli Lilly (Ondo Tokenized),LLYon,https://etherscan.io/token/0xf192957AE52dB3eb088654403CC2eDeD014ae556,94,"$4,691,641.70","1,983",99.81%,https://bscscan.com/token/0x341d31b2be1fee9c00e395a62ba41837f4322eed,167,"$289,330.09","6,259",91.89%
Lockheed (Ondo Tokenized),LMTon,https://etherscan.io/token/0x691b126cF619707Ed5d16CaB1B27C000aa8De300,127,"$3,946,173.94","1,377",99.71%,https://bscscan.com/token/0xd09f7b75b9659b864c6f82bb00ff096f9d277998,118,"$94,395.53","4,009",89.37%
Lowe's (Ondo Tokenized),LOWon,https://etherscan.io/token/0x84328d8b85019fdcecf4c82fbe076bf350fc0cab,4,$0.00,9,100.0%,https://bscscan.com/token/0x2ec46eed30c94caa5979e6a0395abe824138335f,15,$0.00,144,100.0%
Lam Research (Ondo Tokenized),LRCXon,https://etherscan.io/token/0x21be23f5bf87a749670c088f6dee26760f1ab80f,21,$0.00,296,99.81%,https://bscscan.com/token/0x35895a1fa1aff7fb3204fb01257409fd75acb24c,76,$0.00,"2,555",94.07%
Intuitive Machines (Ondo Tokenized),LUNRon,https://etherscan.io/token/0x58a2EDF0169eDE82904e47a0E2a3a4008eDebB60,32,$0.00,130,99.77%,https://bscscan.com/token/0xA3b7B7cfEb023a6C4f444f5ca9a3Fc85809Ece15,144,$0.00,"3,717",77.81%
Mastercard (Ondo Tokenized),MAon,https://etherscan.io/token/0xA29dC2102dfc2a0A4A5dCb84Af984315567c9858,88,"$1,047,013.44","1,404",99.73%,https://bscscan.com/token/0x25ffda07f585c39848db6573e533d7585679c52d,116,"$56,368.61","3,896",90.3%
MARA Holdings (Ondo Tokenized),MARAon,https://etherscan.io/token/0x4604b0b581269843ac7a6b70A5FC019E7762e511,113,"$241,484.54","2,394",97.18%,https://bscscan.com/token/0xd226d8170ee38793430c7dec6903df4b818bb74c,110,"$324,364.66","5,453",98.73%
McDonald's (Ondo Tokenized),MCDon,https://etherscan.io/token/0x4C82c8cD9a218612DCe60b156B73A36705645e3b,88,"$2,565,339.58","1,562",99.81%,https://bscscan.com/token/0x995add4ba29a628a57930a8a185c62ca044ec090,151,"$264,325.38","2,945",84.06%
MercadoLibre (Ondo Tokenized),MELIon,https://etherscan.io/token/0x2816169A49953C548BfEb3948dCF05c4A0E4657D,57,"$633,056.99",772,99.71%,https://bscscan.com/token/0x60a8f8e05200ff73afde9e2cae819bf1605f0bdd,52,"$32,276.44","1,520",92.8%
Meta Platforms (Ondo Tokenized),METAon,https://etherscan.io/token/0x59644165402b611b350645555B50Afb581C71EB2,596,"$4,276,228.03","34,342",89.05%,https://bscscan.com/token/0xd7df5863a3e742f0c767768cdfcb63f09e0422f6,548,"$3,191,889.79","90,275",86.95%
MP Materials (Ondo Tokenized),MPon,https://etherscan.io/token/0x75846a2b2eeee6575ac775f9984be54fd1d08189,30,$0.00,167,99.87%,https://bscscan.com/token/0x4baf4dc56cf6a525a0874e25cc6372a6a8915135,130,$0.00,"13,174",90.87%
Merck (Ondo Tokenized),MRKon,https://etherscan.io/token/0xdc8a7db05ea704227d56f5d4a4b77a2d1bba29c0,12,$0.00,63,99.97%,https://bscscan.com/token/0x869027261075c3c239d6a26842579b93802606f4,29,$0.00,439,97.89%
Moderna (Ondo Tokenized),MRNAon,https://etherscan.io/token/0xa2c1c0b4683a871187d4565eb63abf9aef5947ee,12,$0.00,51,100.0%,https://bscscan.com/token/0x01486675da0764ee780ea7cb65c33062e9b2d28c,80,$0.00,"11,883",93.81%
Marvell Technology (Ondo Tokenized),MRVLon,https://etherscan.io/token/0xF404E5f887dBd5508e16a1198fCDD5DE1A4296B8,103,"$3,795,786.73","1,968",98.64%,https://bscscan.com/token/0x1501ec83ffef405b4331cc4f73277a40fb0c627d,765,"$21,290,287.43","26,009",80.16%
Microsoft (Ondo Tokenized),MSFTon,https://etherscan.io/token/0xB812837b81a3a6b81d7CD74CfB19A7f2784555E5,771,"$5,243,916.29","29,646",77.42%,https://bscscan.com/token/0x6bfe75d1ad432050ea973c3a3dcd88f02e2444c3,"1,310","$11,434,018.90","106,402",82.98%
MicroStrategy (Ondo Tokenized),MSTRon,https://etherscan.io/token/0xCabD955322dfbf94C084929ac5E9Eca3fEB5556F,495,"$3,136,648.49","14,119",79.16%,https://bscscan.com/token/0x7313ea16493b2f55054df0131a3a14b043ec8992,628,"$9,955,069.04","38,479",84.74%
MasTec (Ondo Tokenized),MTZon,https://etherscan.io/token/0x5cb95099a2c7e3c8187fbca6efe5ba222b5ba820,6,$0.00,21,100.0%,https://bscscan.com/token/0xf49046aae76eaeb7ffd3ef116ce0f7cd0f52d93e,17,$0.00,196,99.83%
Micron Technology (Ondo Tokenized),MUon,https://etherscan.io/token/0x050362Ab1072Cb2Ce74d74770E22A3203Ad04ee5,300,"$12,095,745.57","8,039",92.91%,https://bscscan.com/token/0x8b6acf6041a81567f012ff6a4c6d96d5818d74bf,"2,318","$76,939,028.27","153,579",75.02%
Nebius Group (Ondo Tokenized),NBISon,https://etherscan.io/token/0xE4babaa960bA7D37860f3fe00D7b95D3868e8EDc,49,$0.00,669,94.3%,https://bscscan.com/token/0xee268780473E7a0e47baC41547C6E01512555A16,154,$0.00,"5,977",78.17%
NextEra Energy (Ondo Tokenized),NEEon,https://etherscan.io/token/0xf46ba88694cd7933ca28be84ee787ad5732e856b,21,$0.00,130,99.88%,https://bscscan.com/token/0xe9d43f7e6b2237e8873a7003b3f43c6b03160be5,53,$0.00,779,89.02%
Newmont (Ondo Tokenized),NEMon,https://etherscan.io/token/0x0C802aCB21Cb2AadB2EB5E5090868E1361B26B69,11,$0.00,20,100.0%,https://bscscan.com/token/0x5E63232993789601CE362e0240a299C1DfCBfbEc,27,$0.00,196,97.58%
Netflix (Ondo Tokenized),NFLXon,https://etherscan.io/token/0x032deC3372F25C41EA8054B4987a7c4832CDB338,464,"$896,608.44","5,485",98.73%,https://bscscan.com/token/0x7048f5227b032326cc8dbc53cf3fddd947a2c757,309,"$187,565.00","112,132",77.75%
Sprott Nickel Miners ETF (Ondo Tokenized),NIKLon,https://etherscan.io/token/0xbf54eb503bb350583d11f4348086dc3608fa245c,11,$0.00,48,100.0%,https://bscscan.com/token/0xe23f03d2907cdc38a10f6ccdc1a157bf1afe51de,59,$0.00,"1,307",96.49%
NIO (Ondo Tokenized),NIOon,https://etherscan.io/token/0xee2542f442a5ed8008e2fe3590e14f90db69f70d,32,"$57,411.73",218,99.95%,https://bscscan.com/token/0xc6f9edbee6042a237d72493bbda3ee2c3c62f708,222,$0.00,"7,184",74.57%
Nike (Ondo Tokenized),NKEon,https://etherscan.io/token/0xD8e26FcC879b30cB0a0B543925a2B3500f074D81,143,"$979,970.60","2,157",99.8%,https://bscscan.com/token/0x04b5e199f2ec84f78b111035f57b16bee448db6f,177,"$743,325.46","45,496",91.03%
Northrop Grumman (Ondo Tokenized),NOCon,https://etherscan.io/token/0x8Ce34F749796F82A6990fFa2d80622ef75CA7aD5,16,"$2,745.81",78,99.96%,https://bscscan.com/token/0x4D3442D884202584F1729bCA20Db05472B886B52,16,$0.00,93,99.89%
ServiceNow (Ondo Tokenized),NOWon,https://etherscan.io/token/0x8bCF9012f4b0c1C3D359eDb7133C294f82f80790,71,"$1,596,398.58","1,015",98.17%,https://bscscan.com/token/0xeb19c13c54b1cd48afc62f6503375e92d5f1e856,221,"$1,171,448.80","7,896",71.75%
NetEase (Ondo Tokenized),NTESon,https://etherscan.io/token/0x3d1cf8692a6f2fc9048a9cc1a06abf77f3465f0a,12,$0.00,27,99.54%,https://bscscan.com/token/0x282973969118f9fe39bf2ff3d8dd1efee82ccb11,79,$0.00,"1,404",95.58%
NVIDIA (Ondo Tokenized),NVDAon,https://etherscan.io/token/0x2D1F7226Bd1F780AF6B9A49DCC0aE00E8Df4bDEE,"3,781","$19,433,589.99","More than 351,323",85.98%,https://bscscan.com/token/0xa9ee28c80f960b889dfbd1902055218cba016f75,"6,806","$36,692,965.73","More than 722,568",82.89%
Novo Nordisk (Ondo Tokenized),NVOon,https://etherscan.io/token/0x28151F5888833D3d767C4d6945a0Ee50D1B193E3,90,"$2,125,651.09","1,656",99.49%,https://bscscan.com/token/0x08a513779f46ffb7a34f16094a94016d010128a8,135,"$415,637.27","17,110",90.86%
VanEck Oil Services ETF (Ondo Tokenized),OIHon,https://etherscan.io/token/0xBcA31049ab4782f0FfA9CfFCB2cF48e8D6dE4fb8,14,$0.00,41,100.0%,https://bscscan.com/token/0x31D6011023D6c7695Efc29bB016830F3F36De40a,16,$0.00,134,99.66%
Oklo (Ondo Tokenized),OKLOon,https://etherscan.io/token/0xf0372e226553af4f343b44111a789f87a9fa427a,52,"$407,613.28",615,98.31%,https://bscscan.com/token/0xaf6c03acf72355ce98d0741302b78870b376428c,286,$0.00,"12,183",76.76%
Ondas Holdings (Ondo Tokenized),ONDSon,https://etherscan.io/token/0x818234860a647d480b9bbcc9a47a23889f2ec900,52,"$128,102.53",536,96.59%,https://bscscan.com/token/0xd85d4ce29b4ca361ff72ef0e53d6236e334c5db6,209,$0.00,"21,715",95.8%
ON Semiconductor (Ondo Tokenized),ONon,https://etherscan.io/token/0xa52b2d6ca1cd9b1e8b931645428380c340caef9a,7,$0.00,20,100.0%,https://bscscan.com/token/0xb35a9eab5d25282f4e668798b629a9294e9a47aa,28,$0.00,559,99.17%
Opendoor Technologies (Ondo Tokenized),OPENon,https://etherscan.io/token/0xb22d83e228c4266075ec75c32acc3bc059b6f248,11,"$12,963.88",20,100.01%,https://bscscan.com/token/0xa09699fc0cbb1f85128450a0ff6a3c4d3a7e7b9b,22,$0.00,530,99.97%
Opera (Ondo Tokenized),OPRAon,https://etherscan.io/token/0xb40afd1d55ea61fc1a6fbe093b817b673c8e78d7,6,$151.66,11,100.0%,https://bscscan.com/token/0x88672043905bdd272df55a5a7bb1b7e1e693cbc5,20,$0.00,"1,547",99.87%
Oracle (Ondo Tokenized),ORCLon,https://etherscan.io/token/0x8a23C6BaadB88512b30475C83Df6A63881e33e1E,174,"$1,773,824.21","2,949",94.76%,https://bscscan.com/token/0x03e4bd1ea53f1da84513da0319d1f03dd1bbcf93,577,"$10,935,288.51","49,672",88.87%
Oscar Health (Ondo Tokenized),OSCRon,https://etherscan.io/token/0x244efb92f76a57da49b5f71045dce3e546e13106,6,$245.42,13,100.0%,https://bscscan.com/token/0xb0752aa50b089ee6ea9acd51373207fa460e87bb,24,$0.00,453,99.93%
Occidental Petroleum (Ondo Tokenized),OXYon,https://etherscan.io/token/0xeedc48205852e9d83ea5ca92fa8656597788601f,51,"$192,295.62",422,99.82%,https://bscscan.com/token/0x01b5a4ac600be98448dbefbb78bcdf38262552cc,140,$0.00,"8,514",99.49%
abrdn Physical Palladium Shares ETF (Ondo Tokenized),PALLon,https://etherscan.io/token/0x0ce36d199bd6851788e03392568849394cbde722,48,"$89,329.81",692,95.84%,https://bscscan.com/token/0x3fcd741646a9790635b938cdb69af5df356cbaab,158,$0.00,"12,899",87.97%
Palo Alto Networks (Ondo Tokenized),PANWon,https://etherscan.io/token/0x34bfdFF25F0fdA6d3ad0c33F1e06c0D40bD68885,39,"$1,771,736.45",467,100.0%,https://bscscan.com/token/0x0eaa1a75bd682a5669ab2371a559fbd039c6b9eb,48,"$45,409.85","1,054",97.43%
Global X US Infrastructure Development ETF (Ondo Tokenized),PAVEon,https://etherscan.io/token/0xD4c6CCE0Cadf2fe4C0AF9eE6777989EFD8fB7670,6,$0.00,10,100.0%,https://bscscan.com/token/0x6f28Cb07790c1049ecd7482d09Fd13B977B47201,14,$0.00,75,99.85%
Petrobras (Ondo Tokenized),PBRon,https://etherscan.io/token/0xD08DDb436e731f32455Fe302723eE0FD2E9E8706,64,"$2,155,724.54","1,343",99.96%,https://bscscan.com/token/0x2b1d5cdecc356530a746c5754231efaeaca64022,102,"$28,777.92","6,527",89.65%
PG&E (Ondo Tokenized),PCGon,https://etherscan.io/token/0x193fdf644451cc394b28b9cec2f5d32e2b4de515,8,$151.17,12,100.01%,https://bscscan.com/token/0x47b36ddb9dd12a8411f78226f55e8c3f0d65481f,22,$0.00,221,99.77%
Invesco Optimum Yld Dvsfd Cmd Str No K-1 ETF (Ondo Tokenized),PDBCon,https://etherscan.io/token/0x46c0a02a877c1412cb32b57028b2f771c0364a7e,10,$0.00,36,100.0%,https://bscscan.com/token/0xcf3e84e62002ca459db81b2032d7fe13715bad51,39,$0.00,821,98.65%
PDD Holdings (Ondo Tokenized),PDDon,https://etherscan.io/token/0xcc40965d3621362c3ee1dd946ba98d6a708ea86b,75,"$2,049,978.89",556,98.74%,https://bscscan.com/token/0xf3e82ea164cb344b2b11bad4c24b0ea4f7ba4714,"1,278",$0.00,"46,867",78.89%
PepsiCo (Ondo Tokenized),PEPon,https://etherscan.io/token/0x3cE219D498D807317F840f4CB0f03FA27dd65046,60,"$2,324,949.02","1,074",99.94%,https://bscscan.com/token/0xf99f8f3a95257d82006183bd524efa7aacc9ef7a,52,"$3,555.13","1,792",84.27%
Pfizer (Ondo Tokenized),PFEon,https://etherscan.io/token/0x06954faa913fA14c28Eb1b2e459594F22f33f3dE,81,"$3,221,811.19","1,357",99.98%,https://bscscan.com/token/0x8a83c31d6751833b4940b6e871c48d9a15a07b46,132,"$89,647.16","3,853",87.46%
Procter & Gamble (Ondo Tokenized),PGon,https://etherscan.io/token/0x339ce23a355ed6D513DD3e1462975C4eCD86823a,60,"$2,662,540.45","3,611",99.93%,https://bscscan.com/token/0x400f1e257f86d25578a0928c94dc95115f09d5c9,62,"$30,716.89","2,371",96.81%
Pinterest (Ondo Tokenized),PINSon,https://etherscan.io/token/0xc017c622cd05698580e2decd0f97d4a17dab70f9,11,"$5,303.92",55,100.0%,https://bscscan.com/token/0xcfd1f0df84300ea1a4e2ba5238043a2fa5a7237c,31,$0.00,530,98.92%
Palantir Technologies (Ondo Tokenized),PLTRon,https://etherscan.io/token/0x0c666485b02F7A87d21AdD7AEb9F5e64975AA490,234,"$653,532.94","11,700",88.59%,https://bscscan.com/token/0x9351abd19f42101dd36025e495b98e910b255d78,319,"$2,746,055.93","25,772",96.51%
Plug Power (Ondo Tokenized),PLUGon,https://etherscan.io/token/0xe7ee911172bdd557b9ab6be7701f86bbc8fd772e,36,$0.00,219,99.15%,https://bscscan.com/token/0x4752ae8f910b25e64e4406eaad50c1b4e8de7e6d,130,$0.00,"8,775",88.88%
abrdn Physical Platinum Shares ETF (Ondo Tokenized),PPLTon,https://etherscan.io/token/0xf1883461Ec7BD883A3668749c5CF5f351080d059,12,$0.00,51,99.59%,https://bscscan.com/token/0x3EC23F52F6573FC0587A0631dd8C3b107f6bcb35,24,$0.00,208,100.1%
ProShares Short QQQ (Ondo Tokenized),PSQon,https://etherscan.io/token/0x9ebd34d99cc3a45b39cafc14ad7994263fa2be56,8,$0.00,63,99.99%,https://bscscan.com/token/0x3802dc739ef9e226f36421a9c15efa519153bbbe,59,$0.00,"3,544",89.31%
PayPal (Ondo Tokenized),PYPLon,https://etherscan.io/token/0x4EFD92F372898B57F292De69fCe377dd7D912bDd,123,"$877,790.67","1,825",99.58%,https://bscscan.com/token/0x374d03a6c0d5bd4be0a5117ebe1b49d52ac8a53f,132,"$148,568.36","3,500",92.29%
D-Wave Quantum (Ondo Tokenized),QBTSon,https://etherscan.io/token/0x3807562a482b824c08a564dfefcc471806d3e00a,133,"$807,745.09","2,557",99.4%,https://bscscan.com/token/0x8c7bf0ed6bc778bde1489de1592c1aad3e66371d,160,"$359,439.62","7,378",91.97%
Qualcomm (Ondo Tokenized),QCOMon,https://etherscan.io/token/0xE3419710c1f77D44B4DaB02316d3f048818C4E59,85,"$1,330,095.77","1,647",99.66%,https://bscscan.com/token/0xfbd4d681c92ead6af0e49950c8b2e47eeacbb2db,341,"$6,505,122.42","13,708",89.66%
Invesco QQQ (Ondo Tokenized),QQQon,https://etherscan.io/token/0x0e397938C1Aa0680954093495B70A9F5e2249aBa,"1,086","$27,861,780.56","101,842",75.88%,https://bscscan.com/token/0x0cde6936d305d5b34667fc46425e852efd73559a,"2,196","$24,373,217.25","More than 1,333,199",86.89%
Quantum Computing (Ondo Tokenized),QUBTon,https://etherscan.io/token/0xc95c9e3fA311664b5e744B3C2716547BEc2Ba7dA,15,"$3,483.06",68,100.01%,https://bscscan.com/token/0x82E07C1017032cFd889b1Ca81EBe722c4D4de825,89,$0.00,"1,423",77.64%
Reddit (Ondo Tokenized),RDDTon,https://etherscan.io/token/0xA9431d354cFAD3c6B76E50f0e73b43D48Be80CD0,71,"$451,635.08","2,072",99.84%,https://bscscan.com/token/0x4da12f47578ef89c76179b760c778e70b668f80b,80,"$128,472.70","1,659",93.47%
Redwire (Ondo Tokenized),RDWon,https://etherscan.io/token/0x3a16aF9Ef328D087cc781053A2a2a27549aE6768,45,"$1,033,153.41",541,99.45%,https://bscscan.com/token/0x23e39D94807a8bb7e3f8294b4911D04EE26DcE39,331,$0.00,"4,299",57.37%
Regeneron Pharmaceuticals (Ondo Tokenized),REGNon,https://etherscan.io/token/0x33aC34DA58168De69cE74a66fbaD81a88F974BD5,6,$49.15,11,100.02%,https://bscscan.com/token/0x30BD85fD4286c5c9857679F5B188f737B4a7B8C0,17,$0.00,72,100.0%
VanEck Rare Earth and Strategic Metals ETF (Ondo Tokenized),REMXon,https://etherscan.io/token/0x1140043f02d8ee34b10eae2e32ae921cda1459ee,33,"$216,574.80",261,99.67%,https://bscscan.com/token/0xc16f47c4a7ed39372b9a0e3e2016cede9b4cb83a,93,$0.00,"2,166",96.19%
Rigetti Computing (Ondo Tokenized),RGTIon,https://etherscan.io/token/0xfdfdf5db2f4a72cb754ffa8896ea012dc2cc0f5e,41,"$49,323.70",260,98.67%,https://bscscan.com/token/0xed2a500eb2b66679e0bbd76e51a60049ae5f3271,120,$0.00,"3,237",86.01%
Riot Platforms (Ondo Tokenized),RIOTon,https://etherscan.io/token/0x21deafD91116FCe9fE87C8f15Bde03f99a309b72,91,"$562,111.19","1,255",98.95%,https://bscscan.com/token/0xc4a88a72b848255fd24da3c1ad6755d980535fb1,78,"$48,262.50","2,651",95.96%
Rivian Automotive (Ondo Tokenized),RIVNon,https://etherscan.io/token/0x04d94914cd1d7ff749efedee764335777225b962,17,"$2,196.78",187,99.98%,https://bscscan.com/token/0x277e1fa8704c5511fed7e30bc691f922aa30101b,46,$0.00,"1,952",99.57%
Rocket Lab (Ondo Tokenized),RKLBon,https://etherscan.io/token/0x36E3b8d9aAd0e51aC08E56a75A8f6005bF68535B,62,"$270,549.86",926,97.01%,https://bscscan.com/token/0xb4D695569236273745B4CD54B539b1b9Cc1513af,447,$0.00,"10,383",70.77%
RTX (Ondo Tokenized),RTXon,https://etherscan.io/token/0x67c5902f5210f62f37157cd9c735c693164c1378,22,"$23,780.35",167,99.88%,https://bscscan.com/token/0x44fde2c6bc2c2b54962c69fcef57a2a50121dbd7,61,$0.00,"1,387",95.03%
SharpLink Gaming (Ondo Tokenized),SBETon,https://etherscan.io/token/0xfDb46864A7C476F0914c5E82CdED3364a9F56F8a,116,"$147,751.37","2,118",86.12%,https://bscscan.com/token/0x99e01f02d66455bb106d91d469c9eaf6ab4904f6,75,"$91,567.41","2,661",97.59%
Starbucks (Ondo Tokenized),SBUXon,https://etherscan.io/token/0xf15FbC1349ab99ABAd63db3f9A510BF413bE3BeF,55,"$2,020,438.42",853,99.99%,https://bscscan.com/token/0x94d7754541b829a87321d56121bc544167ac490d,39,"$1,363.25","1,392",98.05%
Southern Copper (Ondo Tokenized),SCCOon,https://etherscan.io/token/0xdA81DA76070a7377eAEEB2978F0E13C5d57FaDb7,13,"$11,985.69",48,100.0%,https://bscscan.com/token/0xF15B8f7465b92799F6EE440F86B3CAB5A4dbc65A,23,$0.00,205,99.8%
Charles Schwab (Ondo Tokenized),SCHWon,https://etherscan.io/token/0xe737f948bdfe3beae9423292853ec0579173cebb,11,$246.68,26,99.99%,https://bscscan.com/token/0xe5ba472c98b7e4695bd856290de66bdedaffc123,29,$0.00,279,97.6%
SolarEdge Technologies (Ondo Tokenized),SEDGon,https://etherscan.io/token/0x8E82a0d7347329703FB6c6A745B1C2b3aBB1658c,9,"$50,930.80",27,100.0%,https://bscscan.com/token/0x8755c5C39b1AA9053a83AC731242a2cf4D04B0Fe,31,$0.00,429,97.48%
iShares 0-3 Month Treasury Bond ETF (Ondo Tokenized),SGOVon,https://etherscan.io/token/0x8de5d49725550f7b318b2fa0f1b1f118e98e8d0f,20,"$3,138,470.67",205,100.0%,https://bscscan.com/token/0xc008c5f579ec1450f20099c39f587547e27c7523,79,$0.00,"2,889",78.82%
Shopify (Ondo Tokenized),SHOPon,https://etherscan.io/token/0x908266C1192628371Cff7AD2F5Eba4dE061a0ac5,50,"$514,014.57","1,206",99.74%,https://bscscan.com/token/0x43d0b380c33cd004a6a69abd61843881a2de4113,79,"$42,809.89","2,457",91.85%
iShares 1-3 Year Treasury Bond ETF (Ondo Tokenized),SHYon,https://etherscan.io/token/0x5C424B9b60383FCE7fE7069D2a2B1047BCd04a73,7,$0.00,13,100.0%,https://bscscan.com/token/0xf95e50BE5Efc96117c28775F80C7Cdb41Ebc4888,10,$0.00,58,100.0%
iShares Silver Trust (Ondo Tokenized),SLVon,https://etherscan.io/token/0xF3e4872e6a4cF365888D93b6146a2bAA7348F1A4,"2,430","$22,748,360.87","More than 177,783",68.96%,https://bscscan.com/token/0x8b872732b07be325a8803cdb480d9d20b6f8d11b,"3,742","$6,434,987.51","308,748",60.91%
Super Micro Computer (Ondo Tokenized),SMCIon,https://etherscan.io/token/0x2ca12a3F9635fD69C21580def14F25C210cA9612,69,"$1,075,178.98","1,258",99.76%,https://bscscan.com/token/0xc142ba8ccd36d80c3a001342fb83e4c3d218a873,256,"$661,396.88","9,259",83.76%
Snap (Ondo Tokenized),SNAPon,https://etherscan.io/token/0xb2924278cc92e60db9b673d6a311d7a331dd703d,12,$180.24,60,100.0%,https://bscscan.com/token/0xf325884d9bcac457271fe7f7b6be1765348fcca2,40,$0.00,679,97.58%
SanDisk (Ondo Tokenized),SNDKon,https://etherscan.io/token/0x71E2400CF1Cb83204f33794eD326636A71a9AAfC,76,"$1,430,017.58",766,94.6%,https://bscscan.com/token/0x4Fd67CB8CFEdc718BAc984b5936abE3330d0a2A4,755,$0.00,"48,278",90.78%
Snowflake (Ondo Tokenized),SNOWon,https://etherscan.io/token/0x5D1a9a9B118fF19721e0111f094f2360b6Ef7A2f,39,"$857,671.01",672,99.98%,https://bscscan.com/token/0x138ed6833ff4e8811e1fea0d005e13726c8886f9,100,"$595,316.71","3,004",96.56%
SoFi Technologies (Ondo Tokenized),SOFIon,https://etherscan.io/token/0x9f2e3eb0160117c56b07652fe66a08a48b5bd7b5,31,"$11,928,673.15",646,99.88%,https://bscscan.com/token/0x71507068e98049cba81e9bbc8d901e4a2f4222eb,130,$0.00,"2,775",92.73%
Southern (Ondo Tokenized),SOon,https://etherscan.io/token/0x99aa107e55250a9fe52bb4b5541a59239eb6d974,7,$153.22,16,99.99%,https://bscscan.com/token/0xd7a6353a23ed2c4fcac29a63cbbe3f65ffef41f5,17,$0.00,173,100.0%
SoundHound AI (Ondo Tokenized),SOUNon,https://etherscan.io/token/0x966db065199a3edea2228c6e5eb6ac49ff251acc,21,"$3,063.90",237,99.98%,https://bscscan.com/token/0xedcf71b2e2217064038adcb54a3c3a5fc3488ef1,46,$0.00,"1,102",97.54%
iShares Semiconductor ETF (Ondo Tokenized),SOXXon,https://etherscan.io/token/0x1fE2126bC05E4BB0468C4a198e930c889e1054a3,31,"$2,069,200.09",263,99.96%,https://bscscan.com/token/0x2A3cbF64C8181DB4a25D41D4d7a7Db9984C59DAC,174,$0.00,"2,893",74.75%
S&P Global (Ondo Tokenized),SPGIon,https://etherscan.io/token/0xbc843b147DB4C7E00721d76037b8b92e13AfE13f,66,"$807,005.84",940,100.0%,https://bscscan.com/token/0x55b370b704240a914f42b5bbb3195431c031f9f8,65,"$39,989.89","1,498",96.51%
Spotify (Ondo Tokenized),SPOTon,https://etherscan.io/token/0x590F21186489cA1612f49a4B1ff5c66acD6796A9,38,"$553,355.11",812,100.0%,https://bscscan.com/token/0x50356167a4dbc38bea6779c045e24e25facedfdc,64,"$28,547.41","1,945",96.01%
SPDR S&P 500 ETF (Ondo Tokenized),SPYon,https://etherscan.io/token/0xFeDC5f4a6c38211c1338aa411018DFAf26612c08,"1,126","$38,703,030.72","54,293",77.9%,https://bscscan.com/token/0x6a708ead771238919d85930b5a0f10454e1c331a,"1,407","$3,735,517.32","413,907",78.91%
ProShares UltraPro Short QQQ (Ondo Tokenized),SQQQon,https://etherscan.io/token/0x0a00c19246fc41b2524d56c87ec44ce8b30ba0f8,25,"$3,782.65",363,99.62%,https://bscscan.com/token/0x17515b68378d86c38f394c666e79907da05dcba9,296,$0.00,"26,418",88.16%
Strategy Stretch Preferred (Ondo Tokenized),STRCon,https://etherscan.io/token/0xECABE1Ff8a9e1dC55899cf58dac8497ecE5Ae84c,40,$0.00,172,99.25%,https://bscscan.com/token/0x71E9dc9DEbc18650BD2342B93623B88C2aD00c89,80,$0.00,608,92.61%
Seagate (Ondo Tokenized),STXon,https://etherscan.io/token/0xB53894f82a6B2d3B7365f24932B5bDE1c5Fb51FF,20,"$18,753.69",103,99.99%,https://bscscan.com/token/0x966EbCBA3c51E81f5CF159a1EaBeFd2327aB5E8D,97,$0.00,"1,083",87.1%
Trip.com Group (Ondo Tokenized),TCOMon,https://etherscan.io/token/0x398f7f759380f3d309b9fc0e6cb3d36e0d67818d,15,"$48,437.82",47,100.0%,https://bscscan.com/token/0x6459303f58244ff1e7a42b90aa3782dfb6ca6969,147,$0.00,"3,644",95.65%
iShares TIPS Bond ETF (Ondo Tokenized),TIPon,https://etherscan.io/token/0x2Df38cA485D01fC15e4FD85847ed26b7EF871c1c,30,"$11,268,350.72",722,100.01%,https://bscscan.com/token/0x2ac26ec236df5d1d2ad1a6dd4e448a90e45dc35d,30,"$8,679.54","1,302",99.74%
Talen Energy (Ondo Tokenized),TLNon,https://etherscan.io/token/0xc80c91bc6215e1333ea98314b8671d6e26c58470,10,$260.52,24,100.0%,https://bscscan.com/token/0xbbe4dfe7a349fb72aec6f52d5cd9bdd78ae8f313,24,$0.00,333,96.84%
iShares 20+ Year Treasury Bond ETF (Ondo Tokenized),TLTon,https://etherscan.io/token/0x992651BFeB9A0DCC4457610E284ba66D86489d4d,161,"$19,401,220.93","32,088",99.34%,https://bscscan.com/token/0xf69e40069ac227c11459e3f4e8a446b3401616b6,86,"$289,536.32","99,707",92.77%
Toyota (Ondo Tokenized),TMon,https://etherscan.io/token/0xaB02fc332e9278eBCbbC6B4a8038050c01D15F69,51,"$1,961,058.76","1,005",100.0%,https://bscscan.com/token/0xecc1299f183b6a720a6f4729bf24f82cd8d50828,86,"$28,887.98","7,447",92.23%
Thermo Fisher Scientific (Ondo Tokenized),TMOon,https://etherscan.io/token/0x60808f2a0d035e16f57e9043842bd1bfbda24fa2,10,"$4,489.00",27,100.0%,https://bscscan.com/token/0xbcf7d958791152128710565a5fc6f68342ed71c8,21,$0.00,234,99.34%
T-Mobile US (Ondo Tokenized),TMUSon,https://etherscan.io/token/0xdeb3c23f93349229823a006657cfe1a6552b6340,10,"$1,602.64",41,100.0%,https://bscscan.com/token/0x2588f20bad92da8dcce7fac8311b5f8ab4690e43,30,$0.00,613,99.86%
AT&T (Ondo Tokenized),Ton,https://etherscan.io/token/0x3361a73262199873b74d6835760a59b8817fa592,13,"$1,847.31",59,100.0%,https://bscscan.com/token/0x4255279af47cf10efb9a5c8839f90170f4ef759f,54,$0.00,"2,625",96.13%
ProShares UltraPro QQQ (Ondo Tokenized),TQQQon,https://etherscan.io/token/0xa45cd7ac9865b9539166ebaf2abc362df4736580,65,"$3,060,067.24",804,99.83%,https://bscscan.com/token/0xe42cfb20e00912409b77a602b5bdcff3c7acc5f4,719,$0.00,"42,845",75.83%
Tesla (Ondo Tokenized),TSLAon,https://etherscan.io/token/0xf6b1117ec07684D3958caD8BEb1b302bfD21103f,"3,646","$8,525,773.27","More than 163,385",74.98%,https://bscscan.com/token/0x2494b603319d4d9f9715c9f4496d9e0364b59d93,"3,620","$20,509,716.09","More than 591,885",78.11%
Taiwan Semiconductor Manufacturing (Ondo Tokenized),TSMon,https://etherscan.io/token/0x3Cafdbfe682aec17d5acE2f97A2f3ab3dCf6a4A9,203,"$2,662,469.21","3,122",92.27%,https://bscscan.com/token/0xc37042a7a4fa510d8884a433762ab87257b91965,720,"$8,310,785.82","26,410",86.15%
Texas Instruments (Ondo Tokenized),TXNon,https://etherscan.io/token/0x58fc9d573ea773ef9a25c3de66f990b87ee5f50e,17,$0.00,66,99.97%,https://bscscan.com/token/0xca3a5c955f1f01f20aacf9501b03e4aa235e478b,71,$0.00,"1,606",98.89%
Uber (Ondo Tokenized),UBERon,https://etherscan.io/token/0x5Bcd8195E3Ef58f677aeF9eBC276B5087c027050,67,"$745,750.59",933,99.8%,https://bscscan.com/token/0xde9d6036fca870f7efc5a82722ae694c371ac909,77,"$26,057.16","2,308",88.23%
Uranium Energy (Ondo Tokenized),UECon,https://etherscan.io/token/0x0F8887772262c449793890DCD3Bf320308dB423B,27,"$15,461.34",93,99.94%,https://bscscan.com/token/0xE7ddF606841ee278A30E5C90486681e68ddd8cbF,54,$0.00,683,90.63%
US Natural Gas Fund (Ondo Tokenized),UNGon,https://etherscan.io/token/0x7C488cFc874Ca9F34e7bdBd0410C27CE6d6af5f9,25,"$16,133.94",131,99.91%,https://bscscan.com/token/0xA5351C9bf08055E03642b6b8649A0f7e895501BF,33,$0.00,"1,027",99.76%
UnitedHealth (Ondo Tokenized),UNHon,https://etherscan.io/token/0x075756F3b6381a79633438fAA8964946bf40163d,98,"$1,260,839.37","1,647",97.78%,https://bscscan.com/token/0x3385cb29cca0ac66f5d2354d13ef977b49a2510f,131,"$94,743.10","6,262",79.02%
Union Pacific Corporation (Ondo Tokenized),UNPon,https://etherscan.io/token/0x39930751d4569F7DD45d1bA46E82CD3680EC2e0a,6,$526.11,78,100.0%,https://bscscan.com/token/0xfe9aA194E3C4604f3872f220eb41C33A287FCD90,9,$0.00,29,99.98%
Global X Uranium ETF (Ondo Tokenized),URAon,https://etherscan.io/token/0xf98Ec282300892b3518B5cB996012b18d9B7D435,54,"$241,664.78",369,94.09%,https://bscscan.com/token/0xc7806943663158D68740a14ab0B270bD60BDe87D,58,$0.00,738,94.98%
Ondo U.S. Dollar Token,USDon,https://etherscan.io/token/0xAcE8E719899F6E91831B18AE746C9A965c2119F1,"4,979","$31,242,399.92","More than 2,045,805",99.87%,https://bscscan.com/token/0x1f8955E640Cbd9abc3C3Bb408c9E2E1f5F20DfE6,129,"$30,759,521.64","More than 5,979,890",100.01%
WisdomTree Floating Rate Treasury Fund (Ondo Tokenized),USFRon,https://etherscan.io/token/0xfb82561a955bf59b9263301126af490d3799e231,9,"$21,955.52",82,100.01%,https://bscscan.com/token/0xf4fd75764a5c086fb12f822be2ca318b3a362dc3,17,$0.00,"1,870",100.0%
United States Oil Fund (Ondo Tokenized),USOon,https://etherscan.io/token/0x1f5fc5c3c8b0f15c7e21af623936ff2b210b6415,283,"$2,301,765.01","12,093",92.79%,https://bscscan.com/token/0x94174e3d1335db402dd03a092f7aa7ac2cb32be4,343,$0.00,"87,793",75.75%
VinFast Auto (Ondo Tokenized),VFSon,https://etherscan.io/token/0xBFe6e76A2FE099392064fbB3E868558C82bEb917,8,$471.85,21,100.0%,https://bscscan.com/token/0x1D2EaAF0aE00382893aa4318Bd88d1Cd0e9B858A,31,$0.00,397,98.31%
Vanguard Real Estate ETF (Ondo Tokenized),VNQon,https://etherscan.io/token/0xcCAe8843E26259278C200C6506F6E5A3bdD524cd,11,"$2,808.04",27,100.0%,https://bscscan.com/token/0x10b58A3d9DCeC59bB1c3bf6b9c9414eAfCE711C9,18,$0.00,68,100.0%
Visa (Ondo Tokenized),Von,https://etherscan.io/token/0xaC37c20C1d0E5285035e056101a64e263Ff94a41,84,"$1,675,148.00","2,615",99.8%,https://bscscan.com/token/0x1cde419fae0ef7f7931ae3e29e5f411c8c5e5fa1,128,"$43,516.83","3,852",78.85%
Vertiv (Ondo Tokenized),VRTon,https://etherscan.io/token/0x0752163d221d3d5d4b6e98bd616b22bd2b453964,23,"$14,070.70",237,99.96%,https://bscscan.com/token/0x9cea8a7be1ab0320b709d368ad60d8500f55995f,144,$0.00,"5,180",89.37%
Vertex Pharmaceuticals (Ondo Tokenized),VRTXon,https://etherscan.io/token/0xFC003a764a7B5054Cc6fDb6b511F35deC8022751,10,$250.63,54,100.01%,https://bscscan.com/token/0x8c9979Dc208f74a5602c38691aa920F121e2f863,11,$0.00,51,100.0%
Vistra (Ondo Tokenized),VSTon,https://etherscan.io/token/0xf1573edddb75bf7ce165f142a17ed6b5e7f5aa13,24,"$36,337.94",211,99.75%,https://bscscan.com/token/0xf2c24c47805f4f72d3919c8674bfdd401505794b,102,$0.00,"2,097",86.29%
Vanguard Total Stock Market ETF (Ondo Tokenized),VTIon,https://etherscan.io/token/0x57b392146848c6321bb2a3d4358df1bdeacdc62a,32,"$122,033.62",102,99.59%,https://bscscan.com/token/0x158734153f354cb326ee690c3d55f810dcb0fc90,71,$0.00,"2,038",96.93%
Vanguard Value ETF (Ondo Tokenized),VTVon,https://etherscan.io/token/0x84e8f1b9b40dd1832925702459d12ffb14d97bf3,16,"$142,882.77",77,100.0%,https://bscscan.com/token/0xc2dd31b1b3a2f515ce0d48de712c6744c3475170,229,$0.00,"4,501",99.88%
Verizon (Ondo Tokenized),VZon,https://etherscan.io/token/0x0e3d889d5b857c3e6eb361b9c9ae35bb7ddbd254,14,"$2,025.42",129,100.0%,https://bscscan.com/token/0xa3b089c886e6d721f49def8e050f3b9d4362560b,33,$0.00,"1,532",99.99%
Western Digital (Ondo Tokenized),WDCon,https://etherscan.io/token/0x44e89d34601b8D0155e16634d2553EF7F54DBab2,27,"$62,268.67",154,99.62%,https://bscscan.com/token/0xcEb29848d04Ad3Cb46E1fE8E45B82ffAc39D797d,210,$0.00,"4,049",85.33%
Wells Fargo (Ondo Tokenized),WFCon,https://etherscan.io/token/0x4AD2118Da8a65eaa81402A3d583FEF6eE76BDf3F,48,"$1,171,191.79","5,702",100.0%,https://bscscan.com/token/0x629520dee1620def11596f84e85de9f1ff653012,44,"$1,144.71",643,91.7%
Waste Management (Ondo Tokenized),WMon,https://etherscan.io/token/0x1fb5a8DCd70bE750a97Eaf8a47bBe74Ab7d3183e,8,"$19,867.64",19,100.0%,https://bscscan.com/token/0xCE0466Bae0e867239719dC386CA84b1F3eFE6914,9,$0.00,35,100.0%
Walmart (Ondo Tokenized),WMTon,https://etherscan.io/token/0x82106347dDbB23cE44Cf4cE4053Ef1adf8b9323B,71,"$2,336,765.25","1,001",99.98%,https://bscscan.com/token/0xa7d1e886acf66ec0656df2decb4b7c893a3bab4c,80,"$30,307.92","3,405",94.56%
Terawulf (Ondo Tokenized),WULFon,https://etherscan.io/token/0x110cae53912c2ed9bf279cd70b3b699e26c79e58,14,"$2,212.44",67,100.0%,https://bscscan.com/token/0xad56701d9e57957e28e546db7db508a16d4f86cc,40,$0.00,"1,197",99.6%
Exxon Mobil (Ondo Tokenized),XOMon,https://etherscan.io/token/0xf05ad9840924ea6f977ebccb3b1da87e31dcd0b4,64,"$125,200.97","1,094",99.15%,https://bscscan.com/token/0x4d209d275e3492ac08497a7a42915899c4dd5e86,156,$0.00,"45,819",93.34%
Block (Ondo Tokenized),XYZon,https://etherscan.io/token/0x6cc41275ef02b4eeccc04fc4424849a96f3272aa,9,"$1,673.06",26,100.0%,https://bscscan.com/token/0xe778a2e5d953c82eb9475cf3b87654226a867344,30,$0.00,352,99.9%
